GeometryNodeAccumulateField,ACCUMULATE_FIELD
GeometryNodeAttributeDomainSize,ATTRIBUTE_DOMAIN_SIZE
GeometryNodeAttributeStatistic,ATTRIBUTE_STATISTIC
GeometryNodeAttributeTransfer,ATTRIBUTE_TRANSFER
GeometryNodeBoundBox,BOUNDING_BOX
GeometryNodeCaptureAttribute,CAPTURE_ATTRIBUTE
GeometryNodeCollectionInfo,COLLECTION_INFO
GeometryNodeConvexHull,CONVEX_HULL
GeometryNodeCurveArc,CURVE_PRIMITIVE_ARC
GeometryNodeCurveEndpointSelection,CURVE_ENDPOINT_SELECTION
GeometryNodeCurveHandleTypeSelection,CURVE_HANDLE_TYPE_SELECTION
GeometryNodeCurveLength,CURVE_LENGTH
GeometryNodeCurvePrimitiveBezierSegment,CURVE_PRIMITIVE_BEZIER_SEGMENT
GeometryNodeCurvePrimitiveCircle,CURVE_PRIMITIVE_CIRCLE
GeometryNodeCurvePrimitiveLine,CURVE_PRIMITIVE_LINE
GeometryNodeCurvePrimitiveQuadrilateral,CURVE_PRIMITIVE_QUADRILATERAL
GeometryNodeCurveQuadraticBezier,CURVE_PRIMITIVE_QUADRATIC_BEZIER
GeometryNodeCurveSetHandles,CURVE_SET_HANDLES
GeometryNodeCurveSpiral,CURVE_PRIMITIVE_SPIRAL
GeometryNodeCurveSplineType,CURVE_SPLINE_TYPE
GeometryNodeCurveStar,CURVE_PRIMITIVE_STAR
GeometryNodeCurveToMesh,CURVE_TO_MESH
GeometryNodeCurveToPoints,CURVE_TO_POINTS
GeometryNodeDeleteGeometry,DELETE_GEOMETRY
GeometryNodeDistributePointsOnFaces,DISTRIBUTE_POINTS_ON_FACES
GeometryNodeDualMesh,DUAL_MESH
GeometryNodeDuplicateElements,DUPLICATE_ELEMENTS
GeometryNodeExtrudeMesh,EXTRUDE_MESH
GeometryNodeFieldAtIndex,FIELD_AT_INDEX
GeometryNodeFillCurve,FILL_CURVE
GeometryNodeFilletCurve,FILLET_CURVE
GeometryNodeFlipFaces,FLIP_FACES
GeometryNodeGeometryToInstance,GEOMETRY_TO_INSTANCE
GeometryNodeGroup,GROUP
GeometryNodeImageTexture,IMAGE_TEXTURE
GeometryNodeInputCurveHandlePositions,INPUT_CURVE_HANDLES
GeometryNodeInputCurveTilt,INPUT_CURVE_TILT
GeometryNodeInputID,INPUT_ID
GeometryNodeInputIndex,INDEX
GeometryNodeInputMaterial,INPUT_MATERIAL
GeometryNodeInputMaterialIndex,INPUT_MATERIAL_INDEX
GeometryNodeInputMeshEdgeAngle,MESH_EDGE_ANGLE
GeometryNodeInputMeshEdgeNeighbors,MESH_EDGE_NEIGHBORS
GeometryNodeInputMeshEdgeVertices,MESH_EDGE_VERTICES
GeometryNodeInputMeshFaceArea,MESH_FACE_AREA
GeometryNodeInputMeshFaceIsPlanar,MESH_FACE_IS_PLANAR
GeometryNodeInputMeshFaceNeighbors,MESH_FACE_NEIGHBORS
GeometryNodeInputMeshIsland,MESH_ISLAND
GeometryNodeInputMeshVertexNeighbors,MESH_VERTEX_NEIGHBORS
GeometryNodeInputNamedAttribute,INPUT_ATTRIBUTE
GeometryNodeInputNormal,INPUT_NORMAL
GeometryNodeInputPosition,POSITION
GeometryNodeInputRadius,INPUT_RADIUS
GeometryNodeInputSceneTime,INPUT_SCENE_TIME
GeometryNodeInputShadeSmooth,INPUT_SHADE_SMOOTH
GeometryNodeInputSplineCyclic,INPUT_SPLINE_CYCLIC
GeometryNodeInputSplineResolution,INPUT_SPLINE_RESOLUTION
GeometryNodeInputTangent,INPUT_TANGENT
GeometryNodeInstanceOnPoints,INSTANCE_ON_POINTS
GeometryNodeInstancesToPoints,INSTANCES_TO_POINTS
GeometryNodeIsViewport,IS_VIEWPORT
GeometryNodeJoinGeometry,JOIN_GEOMETRY
GeometryNodeMaterialSelection,MATERIAL_SELECTION
GeometryNodeMergeByDistance,MERGE_BY_DISTANCE
GeometryNodeMeshBoolean,MESH_BOOLEAN
GeometryNodeMeshCircle,MESH_PRIMITIVE_CIRCLE
GeometryNodeMeshCone,MESH_PRIMITIVE_CONE
GeometryNodeMeshCube,MESH_PRIMITIVE_CUBE
GeometryNodeMeshCylinder,MESH_PRIMITIVE_CYLINDER
GeometryNodeMeshGrid,MESH_PRIMITIVE_GRID
GeometryNodeMeshIcoSphere,MESH_PRIMITIVE_ICO_SPHERE
GeometryNodeMeshLine,MESH_PRIMITIVE_LINE
GeometryNodeMeshToCurve,MESH_TO_CURVE
GeometryNodeMeshToPoints,MESH_TO_POINTS
GeometryNodeMeshUVSphere,MESH_PRIMITIVE_UV_SPHERE
GeometryNodeObjectInfo,OBJECT_INFO
GeometryNodePointsToVertices,POINTS_TO_VERTICES
GeometryNodePointsToVolume,POINTS_TO_VOLUME
GeometryNodeProximity,PROXIMITY
GeometryNodeRaycast,RAYCAST
GeometryNodeRealizeInstances,REALIZE_INSTANCES
GeometryNodeRemoveAttribute,REMOVE_ATTRIBUTE
GeometryNodeReplaceMaterial,REPLACE_MATERIAL
GeometryNodeResampleCurve,RESAMPLE_CURVE
GeometryNodeReverseCurve,REVERSE_CURVE
GeometryNodeRotateInstances,ROTATE_INSTANCES
GeometryNodeSampleCurve,SAMPLE_CURVE
GeometryNodeScaleElements,SCALE_ELEMENTS
GeometryNodeScaleInstances,SCALE_INSTANCES
GeometryNodeSeparateComponents,SEPARATE_COMPONENTS
GeometryNodeSeparateGeometry,SEPARATE_GEOMETRY
GeometryNodeSetCurveHandlePositions,SET_CURVE_HANDLES
GeometryNodeSetCurveRadius,SET_CURVE_RADIUS
GeometryNodeSetCurveTilt,SET_CURVE_TILT
GeometryNodeSetID,SET_ID
GeometryNodeSetMaterial,SET_MATERIAL
GeometryNodeSetMaterialIndex,SET_MATERIAL_INDEX
GeometryNodeSetPointRadius,SET_POINT_RADIUS
GeometryNodeSetPosition,SET_POSITION
GeometryNodeSetShadeSmooth,SET_SHADE_SMOOTH
GeometryNodeSetSplineCyclic,SET_SPLINE_CYCLIC
GeometryNodeSetSplineResolution,SET_SPLINE_RESOLUTION
GeometryNodeSplineLength,SPLINE_LENGTH
GeometryNodeSplineParameter,SPLINE_PARAMETER
GeometryNodeSplitEdges,SPLIT_EDGES
GeometryNodeStoreNamedAttribute,STORE_NAMED_ATTRIBUTE
GeometryNodeStringJoin,STRING_JOIN
GeometryNodeStringToCurves,STRING_TO_CURVES
GeometryNodeSubdivideCurve,SUBDIVIDE_CURVE
GeometryNodeSubdivideMesh,SUBDIVIDE_MESH
GeometryNodeSubdivisionSurface,SUBDIVISION_SURFACE
GeometryNodeSwitch,SWITCH
GeometryNodeTransform,TRANSFORM
GeometryNodeTranslateInstances,TRANSLATE_INSTANCES
GeometryNodeTriangulate,TRIANGULATE
GeometryNodeTrimCurve,TRIM_CURVE
GeometryNodeViewer,VIEWER
GeometryNodeVolumeToMesh,VOLUME_TO_MESH
NodeGroupOutput,GROUP_OUTPUT
NodeGroupInput,GROUP_INPUT
ShaderNodeClamp,CLAMP
ShaderNodeCombineRGB,COMBRGB
ShaderNodeCombineXYZ,COMBXYZ
ShaderNodeFloatCurve,CURVE_FLOAT
ShaderNodeMapRange,MAP_RANGE
ShaderNodeMath,MATH
ShaderNodeMixRGB,MIX_RGB
ShaderNodeRGBCurve,CURVE_RGB
ShaderNodeSeparateRGB,SEPRGB
ShaderNodeSeparateXYZ,SEPXYZ
ShaderNodeTexBrick,TEX_BRICK
ShaderNodeTexChecker,TEX_CHECKER
ShaderNodeTexGradient,TEX_GRADIENT
ShaderNodeTexMagic,TEX_MAGIC
ShaderNodeTexMusgrave,TEX_MUSGRAVE
ShaderNodeTexNoise,TEX_NOISE
ShaderNodeTexVoronoi,TEX_VORONOI
ShaderNodeTexWave,TEX_WAVE
ShaderNodeTexWhiteNoise,TEX_WHITE_NOISE
ShaderNodeValToRGB,VALTORGB
ShaderNodeValue,VALUE
ShaderNodeVectorCurve,CURVE_VEC
ShaderNodeVectorMath,VECT_MATH
ShaderNodeVectorRotate,VECTOR_ROTATE
FunctionNodeAlignEulerToVector,ALIGN_EULER_TO_VECTOR
FunctionNodeBooleanMath,BOOLEAN_MATH
FunctionNodeCompare,COMPARE
FunctionNodeFloatToInt,FLOAT_TO_INT
FunctionNodeInputBool,INPUT_BOOL
FunctionNodeInputColor,INPUT_COLOR
FunctionNodeInputInt,INPUT_INT
FunctionNodeInputSpecialCharacters,INPUT_SPECIAL_CHARACTERS
FunctionNodeInputString,INPUT_STRING
FunctionNodeInputVector,INPUT_VECTOR
FunctionNodeRandomValue,RANDOM_VALUE
FunctionNodeReplaceString,REPLACE_STRING
FunctionNodeRotateEuler,EULER
FunctionNodeSliceString,SLICE_STRING
FunctionNodeStringLength,STRING_LENGTH
FunctionNodeValueToString,VALUE_TO_STRING
NodeSocketString,STRING
NodeSocketBool,BOOLEAN
NodeSocketMaterial,MATERIAL
NodeSocketVector,VECTOR
NodeSocketInt,INT
NodeSocketGeometry,GEOMETRY
NodeSocketCollection,COLLECTION
NodeSocketTexture,TEXTURE
NodeSocketFloat,VALUE
NodeSocketColor,RGBA
NodeSocketObject,OBJECT
NodeSocketImage,IMAGE
NodeFrame,FRAME
NodeReroute,REROUTE
